<!--
    The organizational settings file is used to define the local organizations
    preferred setting within an allowed range of the STIG.

    Each setting in this file is linked by STIG ID and the valid range is in an
    associated comment.
-->
<OrganizationalSettings fullversion="1.12">
  <!-- Ensure ''V-73513.b'' -match '1|3'-->
  <OrganizationalSetting id="V-73513.b" ValueData="1" />
  <!-- Ensure ''V-73521'' -match '1|3|8|ShouldBeAbsent'-->
  <OrganizationalSetting id="V-73521" ValueData="8" />
  <!-- Ensure ''V-73551'' -match '0|1'-->
  <OrganizationalSetting id="V-73551" ValueData="0" />
  <!-- Ensure ''V-73553'' -ge '32768'-->
  <OrganizationalSetting id="V-73553" ValueData="32768" />
  <!-- Ensure ''V-73555'' -ge '196608'-->
  <OrganizationalSetting id="V-73555" ValueData="196608" />
  <!-- Ensure ''V-73557'' -ge '32768'-->
  <OrganizationalSetting id="V-73557" ValueData="32768" />
  <!-- Ensure ''V-73561'' -match '0|ShouldBeAbsent'-->
  <OrganizationalSetting id="V-73561" ValueData="0" />
  <!-- Ensure ''V-73563'' -match '0|ShouldBeAbsent'-->
  <OrganizationalSetting id="V-73563" ValueData="0" />
  <!-- Ensure ''V-73565'' -match '0|ShouldBeAbsent'-->
  <OrganizationalSetting id="V-73565" ValueData="0" />
  <!-- Ensure ''V-73579'' -match '0|ShouldBeAbsent'-->
  <OrganizationalSetting id="V-73579" ValueData="0" />
  <!-- Ensure ''V-73587'' -match '0|ShouldBeAbsent'-->
  <OrganizationalSetting id="V-73587" ValueData="0" />
  <!-- Ensure location for DoD Root CA 2 certificate is present-->
  <OrganizationalSetting id="V-73605.a" Location="" />
  <!-- Ensure location for DoD Root CA 3 certificate is present-->
  <OrganizationalSetting id="V-73605.b" Location="" />
  <!-- Ensure location for DoD Root CA 4 certificate is present-->
  <OrganizationalSetting id="V-73605.c" Location="" />
  <!-- Ensure location for DoD Root CA 5 certificate is present-->
  <OrganizationalSetting id="V-73605.d" Location="" />
  <!-- Ensure location for DoD Interoperability Root CA 1 certificate is present-->
  <OrganizationalSetting id="V-73607.a" Location="" />
  <!-- Ensure location for DoD Interoperability Root CA 2 certificate is present-->
  <OrganizationalSetting id="V-73607.b" Location="" />
  <!-- Ensure location for US DoD CCEB Interoperability Root CA 2 certificate is present-->
  <OrganizationalSetting id="V-73609" Location="" />
  <!-- Ensure ''V-73641'' -le '30' -and ''V-73641'' -gt '0'-->
  <OrganizationalSetting id="V-73641" ValueData="30" />
  <!-- Ensure ''V-73645'' -le '900' -and ''V-73645'' -gt '0'-->
  <OrganizationalSetting id="V-73645" ValueData="900" />
  <!-- Ensure ''V-73649'' -match '^(DoD Notice and Consent Banner|US Department of Defense Warning Statement)$'-->
  <OrganizationalSetting id="V-73649" ValueData="DoD Notice and Consent Banner" />
  <!-- Ensure ''V-73651'' -le '4'-->
  <OrganizationalSetting id="V-73651" ValueData="4" />
  <!-- Ensure ''V-73711'' -match '1|2'-->
  <OrganizationalSetting id="V-73711" ValueData="1" />
  <!-- Ensure ''V-73727'' -match '2|ShouldBeAbsent'-->
  <OrganizationalSetting id="V-73727" ValueData="2" />
  <!-- Ensure ''V-73807'' -match '1|2'-->
  <OrganizationalSetting id="V-73807" ValueData="1" />
  <!-- Ensure ''V-73309'' -ge '15' -or ''V-73309'' -eq '0'-->
  <OrganizationalSetting id="V-73309" PolicyValue="15" />
  <!-- Ensure ''V-73311'' -le '3' -and ''V-73311'' -ne '0'-->
  <OrganizationalSetting id="V-73311" PolicyValue="3" />
  <!-- Ensure ''V-73313'' -ge '15'-->
  <OrganizationalSetting id="V-73313" PolicyValue="15" />
  <!-- Ensure ''V-73315'' -ge '24'-->
  <OrganizationalSetting id="V-73315" PolicyValue="24" />
  <!-- Ensure ''V-73317'' -le '60' -and ''V-73317'' -ne '0'-->
  <OrganizationalSetting id="V-73317" PolicyValue="60" />
  <!-- Ensure ''V-73319'' -ne '0'-->
  <OrganizationalSetting id="V-73319" PolicyValue="1" />
  <!-- Ensure ''V-73321'' -ge '14'-->
  <OrganizationalSetting id="V-73321" PolicyValue="14" />
  <!-- Ensure ''V-73623'' -ne 'Administrator'-->
  <OrganizationalSetting id="V-73623" OptionValue="" />
  <!-- Ensure ''V-73625'' -ne 'Guest'-->
  <OrganizationalSetting id="V-73625" OptionValue="" />
  <!-- Ensure ''V-73753'' -match '^(Administrators,NT Virtual Machine\\Virtual Machines|Administrators)$'-->
  <OrganizationalSetting id="V-73753" Identity="Administrators" />
  <!-- Ensure ''V-73759'' -match 'Enterprise Admins,Domain Admins,(Local account and member of Administrators group|Local account),Guests'-->
  <OrganizationalSetting id="V-73759" Identity="Enterprise Admins,Domain Admins,Local account and member of Administrators group,Guests" />
</OrganizationalSettings>
