<!--
    The organizational settings file is used to define the local organizations
    preferred setting within an allowed range of the STIG.

    Each setting in this file is linked by STIG ID and the valid range is in an
    associated comment.
-->
<OrganizationalSettings fullversion="2.2">
  <!-- Ensure 'V-214464' -le 4096-->
  <OrganizationalSetting id="V-214464" Value="4096" />
  <!-- Ensure 'V-214465' -le 30000000-->
  <OrganizationalSetting id="V-214465" Value="30000000" />
  <!-- Ensure 'V-214466' -le 2048-->
  <OrganizationalSetting id="V-214466" Value="2048" />
  <!-- Ensure [TimeSpan]'V-214474' -le [TimeSpan]'00:20:00' -and [TimeSpan]'V-214474' -gt [TimeSpan]'00:00:00'-->
  <OrganizationalSetting id="V-214474" Value="'00:20:00'" />
  <!-- Ensure ''V-214475'' -le '00:20:00'-->
  <OrganizationalSetting id="V-214475" Value="00:20:00" />
  <!-- Ensure 'V-214485' -ne 0-->
  <OrganizationalSetting id="V-214485" Value="35000" />
  <!-- Ensure 'V-214486' -ne 0-->
  <OrganizationalSetting id="V-214486" Value="1000000" />
  <!-- Ensure 'V-214487' -ne 0-->
  <OrganizationalSetting id="V-214487" Value="1000000" />
  <!-- Ensure 'V-214489' -le 1000-->
  <OrganizationalSetting id="V-214489" Value="1000" />
  <!-- Ensure [TimeSpan]'V-214492' -le [TimeSpan]'00:05:00'-->
  <OrganizationalSetting id="V-214492" Value="'00:05:00'" />
</OrganizationalSettings>
